CODE;LIBELLE
4084;DETERMINATION PRENATALE DU SEXE FOETAL SANG MATERNEL
9905;COMPLEMENT A LA COTATION MINIMALE DE VALEUR B 5 (SANG)
9910;COMPLEMENT A LA COTATION MINIMALE DE VALEUR B 10 (SANG)
9915;COMPLEMENT A LA COTATION MINIMALE DE VALEUR B 15 (SANG)
9916;COMPLEMENT A LA COTATION MINIMALE DE VALEUR B 1 (SANG)
9917;COMPLEMENT A LA COTATION MINIMALE DE VALEUR B 2 (SANG)
9918;COMPLEMENT A LA COTATION MINIMALE DE VALEUR B 3 (SANG)
9919;COMPLEMENT A LA COTATION MINIMALE DE VALEUR B 4 (SANG)
9920;COMPLEMENT A LA COTATION MINIMALE DE VALEUR B 6 (SANG)
9921;COMPLEMENT A LA COTATION MINIMALE DE VALEUR B 7 (SANG)
9922;COMPLEMENT A LA COTATION MINIMALE DE VALEUR B 8 (SANG)
9923;COMPLEMENT A LA COTATION MINIMALE DE VALEUR B 9 (SANG)
9924;COMPLEMENT A LA COTATION MINIMALE DE VALEUR B 11 (SANG)
9925;COMPLEMENT A LA COTATION MINIMALE DE VALEUR B 12 (SANG)
9926;COMPLEMENT A LA COTATION MINIMALE DE VALEUR B 13 (SANG)
9105;FORFAIT DE SECURITE POUR ECHANTILLON SANGUIN
9106;FORFAIT DE SECURITE POUR ECHANTILLONS BACTERIO, MYCO ET PARASITO
9005;FORFAIT DE PRISE EN CHARGE PRE-ANALYTIQUE DU PATIENT
9001;SUPPLEMENT POUR ACTES EN URGENCE NUIT
9004;SUPPLEMENT POUR ACTES EN URGENCE (SAMEDI APRES 12H, DIMANCHE, FERIE)
9107;SUPPLEMENT POUR ACTES DE BIOLOGIE EFFECTUES EN ETABLISSEMENTS DE SOINS PRIVES
4;HISTOPATH. BIOPSIES UNIQUES OU MULTIPLES NON INDIVIDUALISEES
5;HISTOPATH. BIOPSIES ETAGEES SUR MEME ORGANE ET INDIVIDUALISEES
6;HISTOPATH. PIECE OPER. INTERESSANT UN ORGANE
7;HISTOPATH. PRELEV. RESEC. OU CURETAGE ENDOSC. OU ENDOCAVIT.
8;HISTOPATH. PIECE OPER. COMPLEXE COMPORTANT PLUSIEURS ORGANES
12;EX. EXTEMPORANE AVEC CONTROLE HISTOPATH. ULTERIEUR
13;CYTOPATH. GYNECOLOGIQUE UN OU PLUSIEURS PRELEVEMENTS (FROTTIS)
14;CYTOPATH. LIQ. EPANCHEMENT, LAVAGE ALVEOLAIRE OU VESICAL, LCR
15;CYTOPATH. SUR PONCTION GANGLION, TUMEUR, ORGANE
16;CYTOPATH. SUR PONCTIONS PLUSIEURS ZONES DE VOISINAGE
17;ANAPATH. : IMMUNOHISTOCHIMIE SUR COUPES EN PARAFFINE OU RESINE
18;ANAPATH. : IMMUNOHISTOCHIMIE SUR COUPES A CONGELATION
23;EXAMEN IMMUNOCYTOCHIMIQUE EN COMPLEMENT D'UN ACTE ACP (0014-0015)
24;HPV : DETECTION DU GENOME (ADN) DES PAPILLOMAVIRUS HUMAINS ONCOGENES
25;EXAMEN ANATOMOPATHOLOGIQUE PAR HYBRIDATION IN SITU
21;MAJORATION PROVISOIRE CONVENTIONNELLE DE L'ACTE 0008 : LESIONS TUMORALES
22;MAJORATION PROVISOIRE DE L'ACTE 0008 : LESIONS TUMORALES MALIGNES
40;CARYOTYPE CONSTITUTIONNEL PRENATAL AVEC INCUBATION
41;CARYOTYPE CONSTITUTIONNEL PRENATAL AVEC CULTURE
901;CARYOTYPE CONSTITUTIONNEL POSTNATAL SANGUIN
902;CARYOTYPE CONSTITUTIONNEL POSTNATAL SUR FIBROBLASTES
906;CARYOTYPE ONCOLOGIQUE : SANG, MOELLE OU TISSUS AVEC CELLULES HEMATOPOIETIQUES
907;CARYOTYPE ONCOLOGIQUE : TUMEUR SOLIDE
903;HYBRIDATION SUR CHROMOSOMES METAPHASIQUES (UNE SONDE)
904;HYBRIDATION SUR CHROMOSOMES METAPHASIQUES (DEUX OU PLUSIEURS SONDES)
905;HYBRIDATION SUR NOYAUX INTERPHASIQUES
59;PREPARATION DES SPERMATOZOIDES EN VUE D'IIU (INSEMINATION INTRA-UTERINE)
60;FECONDATION IN VITRO SANS MICROMANIPULATION (FIV)
61;FECONDATION IN VITRO PAR MICROMANIPULATION (ICSI)
62;PREPARATION DES SPERMATOZOIDES OBTENUS PAR PONCTION OU BIOPSIE EN VUE ICSI
54;CONGELATION D'EMBRYONS ( PAR CYCLE)
63;DECONGELATION D'EMBRYON (PAR CYCLE) + CATHETER
64;CRYOCONSERVATION D'EMBRYON(S) (PAR CYCLE ET PAR ANNEE)
65;CONGELATION DE SPERME... (PAR EJACULAT)
66;CRYOCONSERVATION DE SPERME (PAR PATIENT, PAR ANNEE)
67;CONGELATION DE SPERMATOZOIDES PRELEVES CHIRURGICALEMENT EN VUE ICSI(PAR PATIENT)
68;CRYOCONSERVATION DE SPERMATOZOIDES PRELEVES CHIR EN VUE ICSI(PAR PATIENT, ANNEE)
70;SPERMOGRAMME ET SPERMOCYTOGRAMME
71;TEST POST-COITAL (TPC) OU TEST DE HUHNER
72;EXPLORATION BIOCHIMIQUE DE LA FONCTION PROSTATO-VESICULAIRE
73;EXPLORATION DE LA FONCTION EPIDIDYMAIRE
74;ETUDE DE L'EJACULAT FRACTIONNE
75;TEST DE MIGRATION-SURVIE DES SPERMATOZOIDES
76;RECHERCHE AC FIXES SUR LES SPERMATOZOIDES (HOMME)
77;RECHERCHES INDIRECTES D'AC ANTISPERMATOZOIDES (HOMME)
78;PENETRATION DU MUCUS CERVICAL : TEST CROISE
79;RECHERCHE IMMUNISATION ANTISPERMATOZOIDES (FEMME)
80;ETUDE D'UNE EJACULATION RETROGRADE
81;COLORATION DES SPERMATOZOIDES AU BLEU D'ANILINE
1101;MYELOGRAMME(MEDULLOGR) ADENOGRAMME OU SPLENOGRAMME
1102;ETUDE COMPLEMENTAIRE DE CYTOCHIMIE (MOELLE OU SANG)
1103;PHENOTYPAGE DES CELLULES ANORMALES (MOELLE OU SANG)
1104;HEMOGRAMME Y COMPRIS PLAQUETTES (NFS , NFP)
1105;DIAGNOSTIC  HEMOPATHIE MALIGNE (MOELLE OU SANG)
1106;SUIVI HEMOPATHIE MALIGNE CONNUE (MOELLE OU SANG)
1107;PLAQUETTES (THROMBOCYTES) : ETUDE ISOLEE
2108;HEMATOCRITE (HTE)
1109;RETICULOCYTES (RC) : NUMERATION
1110;CORPS DE HEINZ : RECHERCHE
1111;DREPANOCYTES : RECHERCHE
1112;RESISTANCE GLOBULAIRE OSMOTIQUE
1113;ELECTROPHORESE DE L'HEMOGLOBINE (GEL POLYACRYLAMIDE)
1114;ELECTROPHORESE DE L'HEMOGLOBINE (CITRATE AGAR)
1115;TEST SOLUBILITE DE L'HEMOGLOBINE (ITANO , FALCIFORMATION)
1116;TEST D'AUTO-HEMOLYSE
1117;TEST A L'ISOPROPANOL (HEMOGLOBINE INSTABLE)
1118;HEMOGLOBINE F : DOSAGE
1119;RECH. HEMOGLOBINURIE NOCTURNE PAROXYSTIQUE
1120;RECH. ANOMALIE DE L'HEMOGLOBINE (3 TECHNIQUES MIN.)
1124;VITESSE DE SEDIMENTATION (VS)
1122;LYMPHOCYTES HELPERS/SUPPRESSEURS (CD4, CD8, CD3 ...)
1123;PROTOPORPHYRINES ZINC (PPZ)
2109;RECHERCHE QUANTIFICATION D'HEMATIES FOETALES - TEST DE KLEIHAUER
1011;ETUDE FONCTIONS PLAQUETTAIRES (METHODE AGREGATION)
192;FACTEUR WILLEBRAND (DOSAGE FONCTIONNEL)
1013;FACTEUR WILLEBRAND (DOSAGE IMMUNOLOGIQUE)
1128;EXPLORATION DE BASE DE L'HEMOSTASE (TP + TCA + PLAQ.)
126;TEMPS DE QUICK (TQ,TP) EN L'ABSENCE DE TRAITEMENT PAR AVK
127;INR : TEMPS DE QUICK EN CAS DE TRAITEMENT PAR AVK
1127;TEMPS DE CEPHALINE + ACTIVATEUR (TCA)
174;FIBRINOGENE (FACTEUR I) : DOSAGE FONCTIONNEL
1014;FACTEUR II (PROTHROMBINE)- DOSAGE ACTIVITE COAGULANTE
1015;FACTEUR V (PROACCELERINE)- DOSAGE ACTIVITE COAGULANTE
1016;FACTEUR VII (PROCONVERTINE) - DOSAGE ACTIVITE COAGULANTE
1017;FACTEUR X (FACTEUR STUART) - DOSAGE ACTIVITE COAGULANTE
1032;FACTEURS VII ET X - DOSAGE ACTIVITE COAGULANTE
178;FACTEUR VIII (ANTIHEMOPHILIQUE A): DOSAGE ACTIVITE COAGULANTE
179;FACTEUR IX (ANTIHEMOPHILIQUE B) : DOSAGE ACTIVITE COAGULANTE
180;FACTEUR XI : DOSAGE ACTIVITE COAGULANTE
181;FACTEUR XII : DOSAGE ACTIVITE COAGULANTE
173;FACTEUR XIII (FACTEUR DE STABILISATION DE LA FIBRINE): DOSAGE
1018;INHIBITEUR ANTI-FACTEUR VIII OU ANTI-FACTEUR IX (RECHERCHE)
1019;INHIBITEUR ANTI-FACTEUR VIII OU ANTI-FACTEUR IX (TITRAGE)
182;ANTICOAGULANT CIRCULANT (DEPISTAGE) - CORRECTION TCA
1020;ANTICOAGULANT DE TYPE LUPIQUE (RECHERCHE ET IDENTIFICATION)
1021;D DIMERES OU PDF (DETERMINATION SEMI QUANTITATIVE)
1022;D DIMERES (DOSAGE)
175;TEMPS LYSE EUGLOBULINES
186;ACTIVITE ANTI-XA (DE L'HEPARINE OU D'UN DERIVE HEPARINIQUE)
1024;ANTICORPS ANTI-FACTEUR 4 PLAQUETTAIRE (PF4) - RECHERCHE
189;ANTITHROMBINE (DOSAGE FONCTIONNEL)
188;ANTITHROMBINE (DOSAGE IMMUNOLOGIQUE)
190;PROTEINE S (DOSAGE FONCTIONNEL)
1025;PROTEINE S LIBRE ANTIGENE (DOSAGE IMMUNOLOGIQUE)
1026;PROTEINE S TOTALE (DOSAGE IMMUNOLOGIQUE)
191;PROTEINE C (DOSAGE FONCTIONNEL)
1027;PROTEINE C (DOSAGE IMMUNOLOGIQUE)
1028;FACTEUR I OU II OU V OU VII OU X : DOSAGE IMMUNOLOGIQUE
1029;MUTATION G1691A DU GENE FACTEUR V (FACTEUR V LEIDEN)
1030;MUTATION G20210A DU GENE DE LA PROTHROMBINE
1031;MUTATIONS G1691A DU GENE DU FV (FV LEIDEN) + G202010A DU GENE DU FII
1140;GROUPAGE SANGUIN ABO-RH (D) (GS)
1145;PHENOTYPES RH (C, C, E, E)  ET KELL (K)
1146;AG ERYTHROC. (CW, KIDD, DUFFY, S, S ...) CHAQUE AG
1141;RAI : DEPISTAGE
1131;RAI : IDENTIFICATION
1149;RAI : TITRAGE D'UN ANTICORPS IDENTIFIE
1150;RAI : DOSAGE PONDERAL D'UN ANTICORPS
1151;AC IMMUNS DU SYSTEME ABO : DEPISTAGE ET TITRAGE
1152;EPREUVE DIRECTE COMPATIBILITE POUR CHAQUE UNITE SANG
1153;TEST DIRECT DE COOMBS (ANTIGLOBULINE POLYVALENTE)
1154;TEST DIRECT DE COOMBS (ANTIGLOBULINE SPECIFIQUE)
1155;EPREUVE D'ELUTION D'ANTICORPS A PARTIR DE GR
1156;EPREUVE D'ABSORPTION D'ANTICORPS SUR GR
160;GROUPAGE PLAQUETTAIRE (PLA)
161;GROUPAGE GRANULOCYTAIRE (NA, NB, NC, ND, NE)
162;ANTICORPS ANTIPLAQUETTAIRES : DEPISTAGE
163;ANTICORPS ANTIPLAQUETTAIRES : IDENTIFICATION
164;ANTICORPS ANTIGRANULOCYTAIRES : DEPISTAGE
165;ANTICORPS ANTIGRANULOCYTAIRES : IDENTIFICATION
5201;EX MICROBIO URINES (ECBU)
5202;EX MICROBIO SECRETIONS, ULCERATIONS, EXSUDATS (ANO) GENITAUX FEMME (PV)
5203;EX MICROBIO SECRETIONS, ULCERATIONS, EXSUDATS (ANO) GENITAUX HOMME (P-URETHRAL),
5204;EX MICROBIO PRODUIT ORIGINE PELVIENNE OBTENU PAR COELIOSCOPIE
5205;EX MICROBIO DU SPERME
5207;EX MICROBIO MATIERES FECALES ET/OU PRELEVEMENT RECTAL
5209;EX MICROBIO DE LA SPHERE ORO-RHINO-PHARYNGEE
5210;EX MICROBIO SECRETIONS BRONCHO-PULMONAIRES ET EXPECTORATIONS
5230;EX MICROBIO PROD ASPIRATION BRONCHIQUE, BBP ET LBA
5231;EX MICROBIO DE LIQ DE PONCTION (LCR, ARTICULATION, PERITOINE, ...)
5213;EX MICROBIO P. OCULAIRE: CONJONCTIVITE BACTERIENNE
5226;EX MICROBIO P.OCULAIRE PAR OPHTALMO :LESIONS ULCEREUSES
5218;EX MICROBIO P. OCULAIRE (CORNEES, LENTILLES...) ACANTHAMOEBA
5214;EX MICROBIO PEAU, PHANERES
5215;EX MICROBIO PLAIE, ECOULEMENT PURULENT, TISSU
5224;EX MICROBIO PUS (COLLECTION FERMEE)
5216;EX MICROBIO PREL DIVERS : CATHET, CHAMBR IMPLANT, PROTHESE, VALVES
5222;EX MICROBIO PREL DIVERS : MECHES (PAR SITE), REDON (PAR SITE), STERILET
5223;EX MICROBIO PLACENTA, LOOCHIES
5225;EX MICROBIO PREL PLURI-ORIFICIELS NOUVEAU-NE
5229;INFECTION NOSOCOMIALE : COTATION SUPPLEMENTAIRE
5219;EX MICROBIO HEMOCULTURE QUALITATIVE
5221;EX MICROBIO HEMOCULTURE QUANTITATIVE
214;BACTERIE AEROBIE OU MICROAEROPHILE NOMMEMENT DESIGNEE : RECH. ISOLEE
215;BACTERIE ANAEROBIE NOMMEMENT DESIGNEE : RECH. ISOLEE
218;POLYNUCLEAIRES EOSINOPHILES DANS UNE SECRETION : RECH ISOLEE
219;CULOT URINAIRE CYTOLOGIE URINES AVEC ETUDE DES CRISTAUX
220;DEBIT URIN. HEMATIES ET LEUCOCYTES PAR MINUTE (ADDIS, H.L.M,CULOT URIN QUANT)
221;DEBIT URIN. HEMATIES ET LEUCOCYTES PAR MILLILITRE (CULOT URIN QUANT)
5291;RECH ESPECE MICROBIENNE PAR IF (PNEUMOCYSTIS, LEGIONELLA...)
5292;IDENTIF BIOCHIMIQUE ET/OU ANTIGENIQUE D'UNE BACTERIE ANAEROBIE
236;ISOL. ET/OU IDENTIF. D'UNE BACTERIE PAR POUVOIR PATHOGENE (ANIMAL)
237;IDENTIF. D'UNE TOXINE BACTERIENNE PAR TECHN. IMMUNOLOGIQUE
238;IDENTIF. D'UNE TOXINE BACTERIENNE : PAR POUVOIR PATHOGENE (ANIMAL)
239;TOXINOTYPIE BOTULIQUE
5249;SEROTYPAGE D'UNE ESPECE BACTERIENNE
5233;HELICOBACTER PYLORI : RECUEIL DES DEUX ECHANTILLONS D'AIR EXPIRE
5234;HELICOBACTER PYLORI : ANALYSE DES DEUX ECHANTILLONS D'AIR EXPIRE
5235;LEGIONELLA PNEUMOPHILA:RECH. ANTIGENE SOLUBLE UR PAR EIA
240;MYCOBACTERIES : EXAMEN MICROSCOPIQUE
241;MYCOBACTERIES : CULT. D'ISOL SUR MILIEU SOLIDE (SAUF A PARTIR PRODUIT SOLIDE)
242;MYCOBACTERIES : CULT. D'ISOL SUR MILIEU SOLIDE A PARTIR D'UN PRODUIT SOLIDE
1241;MYCOBACTERIES : ISOLEMENT RAPIDE A PARTIR CRACHATS,TUBAGES,UR,LIQ..
1242;MYCOBACTERIES : ISOLEMENT RAPIDE A PARTIR ORGANE, SANG
243;MYCOBACTERIES : IDENTIFICATION BIOCHIMIQUE DE MYCOBACTERIUM TUBERCULOSIS
244;MYCOBACTERIES : IDENTIF. BIOCH AUTRE QUE MYCOBACTERIUM TUBERCULOSIS
5284;SPIROCHETES ISOLEMENT BORRELIA PAR CULTURE
250;RICKETTSIALES : EX. DIRECT ET ISOLEMENT
5253;MYCOPLASMES : CULTURES SUR MILIEUX SPECIAUX,NUMERATION,CARACTERISATION
252;EX. MICROBIO. : ISOL ET/OU IDENT LEVURE AUTRE QUE C ALBICANS OU ESPECE FILAM
253;EX. MYCO ISOLE : IDENTIF DE GENRE LEVURES ET CHAMPIGNONS FILAMENTEUX
280;EX. MYCO ISOLE : IDENTIF.D'ESPECE D'UN CHAMPIGNON AUTRE QUE C. ALBICANS
254;MALASSEZIA FURFUR (PITYRIASIS VERSICOLOR)
255;EX MYCO ISOLE CHAMPIGNON EXOTIQUE EX DIRECT ET CULTURE
256;EX MYCO ISOLE CHAMPIGNON EXOTIQUE SUR COUPE D'ORGANE
257;EX MYCO ISOLE CHAMPIGNON EXOTIQUE : INOCUL A ANIMAL ET RETROCULTURE
286;EX. PARASITO. DES SELLES AVEC 2 METHODES DE CONCENTRATION
287;EX. PARASITO. DES SELLES AVEC 1 METHODE   DE CONCENTRATION
259;EX. PARASITO. SELLES EMISES AU LABO (PROTOZOAIRES)
288;EX. PARASITO. SELLES EMISES AU LABO (0259 + 0286)
289;AMIBES : CULTURE SUR SELLES EMISES AU LABORATOIRE
290;CRYPTOSPORIDIUM : RECH. SUR SELLES FRAICHEMENT EMISES
262;AMIBES : RECH. DANS MUCUS RECUEILLI SOUS RECTOSCOPIE
263;OEUFS D'HELMINTHES  :MARGE DE  L'ANUS (SCOTCH TEST)
264;LARVES D'ANGUILLULES (BAERMANN) : RECHERCHE DANS SELLES
266;OEUFS DE BILHARZIES : RECHERCHE
267;PARASITES : RECH. ET/OU IDENTIF. PAR EX. MACRO. ET/OU MICRO.(DEMODEX)
268;PARASITES : EX. DIRECT ET/OU ENRICHISSEMENT SAUF DANS SANG ET SELLES
1125;HEMATOZOAIRES : RECHERCHE SUR FROTTIS ET EN GOUTTE EPAISSE
1126;PARASITES DU SANG AUTRES QUE HEMATOZOAIRES : RECHERCHE
269;ANTIBIOGRAMME BACTERIE AEROBIE (SAUF MYCOPLASME) (ATB)
270;ANTIBIOGRAMME BACTERIE ANAEROBIE (SAUF MYCOPLASME) (ATB)
271;ANTIBIOGRAMME CHAMPIGNON (FONGIGRAMME) (ATB , FG)
5278;CMI BACTERIE AEROBIE
5279;CMI BACTERIE ANAEROBIE
5280;CMI LEVURES
5290;CMI STREPTOCOCCUS PNEUMONIAE
281;CMI CHAMPIGNON FILAMENTEUX DE POUSSE LENTE
274;MYCOBACTERIE : SENSIBILITE VIS A VIS D'UN ANTIBIO PAR ANTIBIO
5293;DOSAGE MICROBIO D'UN ANTIBIOTIQUE CHEZ LE MALADE
5294;ACTIVITE ANTIBIOTIQUE GLOBALE D'UN LIQUIDE BIOLOGIQUE
277;POUVOIR BACTERICIDE DES ANTIBIOTIQUES ET ASSOC PAR ANTIBIOTIQUE
1200;IGE TOTALES SERIQUES
1201;IGE SPEC. DEPISTAGE : RECH. PNEUMALLERGENES MELANGES
1202;IGE SPEC. DEPISTAGE : RECH. TROPHALLERGENES MELANGES
1203;IGE SPEC. : IDENTIF. ALLERGENES MULTIPLES SEPARES
1204;IGE SPEC. : IDENTIF. ALLERGENE UNIQUE (PNEUMALLERGENES)
1205;IGE SPEC. : IDENTIF. ALLERGENE UNIQUE (TROPHALLERGENES)
966;IGE SPEC. : IDENTIF. ALLERGENE UNIQUE (LATEX)
967;IGE SPEC. : IDENTIF. ALLERGENE UNIQUE (VENINS D'HYMENOPTERES)
968;IGE SPEC. : IDENTIF. ALLERGENE UNIQUE (MEDICAMENTS)
969;TRYPTASE (SANG)
823;ECP (EOSINO CATIONIQUE PROTEINE)
1451;MAI NSO:F. RHUMATOIDES GROUPE 1 : IG ANIMALES (WAALER-ROSE..)
1452;MAI NSO : F. RHUMATOIDES GROUPE 2 : IG HUMAINES (LATEX, ...)
1453;MAI NSO : AUTOAC ANTINUCLEAIRES (AAN) PAR IF SUR CELLULES HEP 2
1454;MAI NSO : AC ANTI-ADN NATIF PAR IFI SUR SANG
1554;MAI NSO : AC ANTI-ADN NATIF PAR IFI SUR AUTRE LIQ BIOL QUE SANG
1455;MAI NSO : AC ANTI-ADN NATIF PAR METH. MARQUEUR SUR SANG
1555;MAI NSO : AC ANTI-ADN NATIF PAR METH. MARQUEUR SUR AUTRE LIQ BIOL QUE SANG
1456;MAI NSO :  AC ANTIANTIGENES NUCLEAIRES SOLUBLES : DEPISTAGE
1457;MAI NSO :  AC ANTIANTIGENES NUCLEAIRES SOLUBLES : TITRAGE
1458;MAI NSO : AC ANTI-ADN DENATURE : TITRAGE
1459;MAI NSO : AC ANTIHISTONES : TITRAGE
1460;MAI NSO : AUTOAC ANTIPHOSPHOLIPIDES (ANTICARDIOLIPINE, ...) : TITRAGE
1461;MAI NSO : AUTOAC ANTIMITOCHONDRIES DE TYPE 5 PAR IFI : TITRAGE
1462;MAI NSO : AUTOAC ANTICYTOPLASME DE PNN (ANCA) PAR IFI : TITRAGE
1463;MAI NSO : AUTOAC ANTICYTOPLASME DE PNN (ANCA) :T.MARQUEUR: SPECIFICITE
1827;MAI NSO : AC ANTIPEPTIDES CYCLIQUES CITRULLINES (AC ANTI-CCP)
1180;GROUPAGES TISSULAIRES : PHENOTYPE HLA CLASSE I
1181;GROUPAGES TISSULAIRES : PHENOTYPE HLA CLASSE II
1183;IMMUNCOMPLEXES CIRCULANTS (ICC, CIC) (SANG)
1465;HEPATOPATHIES : AUTOAC ANTITISSUS ET ANTINUCLEAIRES
1466;HEPATOPATHIES : AC ANTIMUSCLE LISSE : TITRAGE
1467;HEPATOPATHIES : AC ANTIMUSCLE LISSE : TYPAGE
1468;HEPATOPATHIES : AC ANTIACTINE : TITRAGE PAR T. MARQUEUR
1469;HEPATOPATHIES : AC ANTIMITOCHONDRIES : TITRAGE PAR IFI
1470;HEPATOPATHIES : AC ANTIMITOCHONDRIES : TITRAGE PAR T. MARQUEUR
1471;HEPATOPATHIES : AC ANTIMITOCHONDRIES : TYPAGE PAR IMMUNOBLOT
1472;HEPATOPATHIES : AC ANTIRETICULUM ENDOPLASMIQUE (LKM, ANTICYTOSOL)
1473;HEPATOPATHIES : AUTOAC ANTIMEMBRANE NUCLEAIRE : IDENT. CIBLES
1828;M. COELIAQUE : AUTOANTICORPS ANTITRANSGLUTAMINASE (IGA)
1829;M. COELIAQUE : AUTOANTICORPS ANTITRANSGLUTAMINASE (IGG)
1830;M. COELIAQUE : AUTOANTICORPS ANTIENDOMYSIUM (IGA)
1831;M. COELIAQUE : AUTOANTICORPS ANTIENDOMYSIUM (IGG)
1478;THROMBOPENIES : TEST DIRECT  MISE EN EVIDENCE IG ASSOC. AUX PLAQ. (DIXON, ...)
1479;THROMBOPENIES : AUTOAC ANTIPLAQ.  : IDENT. CIBLE IMMUNOCAPTURE MAIPA
1480;THROMBOPENIES : AUTOAC ANTIPLAQ.  : IDENT. CIBLE IMMUNOBLOT
1481;D.I.D. : AC ANTICELLULES D'ILOTS DE LANGERHANS : TITRAGE PAR IFI
1800;DID : ANTICORPS ANTI-IA2
1482;D.I.D. : AUTOANTICORPS ANTI-INSULINE
7890;DID : ANTICORPS ANTI GAD
1483;THYROIDE  : AUTOAC ANTITHYROGLOBULINE PAR HEMAGGLUTINATION
1484;THYROIDE  : AUTOAC ANTITHYROGLOBULINE PAR METH MARQUEUR
1485;THYROIDE : AUTOAC ANTIMICROSOMES THYROIDIENS PAR  HEMAGGLUTINATION
1486;THYROIDE : AUTOAC ANTIMICROSOMES THYROIDIENS PAR IFI
1487;THYROIDE : AUTOAC ANTITHYROPEROXYDASE PAR METH MARQUEUR
1488;THYROIDE : AUTOAC ANTIRECEPTEURS DE TSH
1489;SURRENALES : AUTOAC ANTISURRENALE PAR IFI
1490;TRACTUS DIGESTIF : AUTOAC ANTICELLULES PARIETALES DE L'ESTOMAC PAR IFI
1491;TRACTUS DIGESTIF : AUTOAC ANTIFACTEUR INTRINSEQUE PAR METH MARQUEUR
1492;SYSTEME NERVEUX : AUTOAC ANTIRECEPTEURS DE L'ACETYLCHOLINE
1493;MAI : AUTOAC ANTIMEMBRANE BASALE D'EPITH. MALPIGHIEN
1494;MAI : AUTOAC ANTISUBSTANCE INTERCELL. D'EPITH. MALPIGHIEN PAR IFI
1495;MAI : AUTOAC CELLULES PRODUCTRICES DE STEROIDES PAR IFI
1496;MAI : AUTOAC ANTIMEMB. BASALE GLOMERUL. PAR IFI
1497;MAI : AUTOAC ANTIMEMB. BASALE GLOMERUL. PAR METH MARQUEUR
1498;MAI : AUTOAC SPECIF. D'AUTRES ORGANES PAR IFI
1301;BORRELIOSE (LYME) : SD DE DEPISTAGE
1302;BORRELIOSE (LYME) : SD DE CONTROLE
1305;BRUCELLOSES : SD (WRIGHT, ROSE BENGALE)
1308;INF. PULMONAIRES A CHLAMYDIA PNEUMONIAE : SD
3308;INF. PULMONAIRES A CHLAMYDIA PNEUMONIAE : SD + ITERATIF
1309;INF. PULMONAIRES A CHLAMYDIA PSITTACI : SD
3309;INF. PULMONAIRES A CHLAMYDIA PSITTACI : SD + ITERATIF
1310;INF. A CAMPYLOBACTER : SD
3310;INF. A CAMPYLOBACTER : SD + ITERATIF
1311;INF. A HELICOBACTER PYLORI : SD
3311;INF. A HELICOBACTER PYLORI : SD + ITERATIF
1336;LEGIONELLOSES : SD DE DEPISTAGE
1337;LEGIONELLOSES : SD : TITRAGE AVEC 6 AG ET PLUS
3337;LEGIONELLOSES : SD : TITRAGE AVEC 6 AG ET PLUS + ITERATIF
1313;MYCOPLASMOSES RESPIRATOIRES : SD : AC TOTAUX
3313;MYCOPLASMOSES RESPIRATOIRES : SD : AC TOTAUX + ITERATIF
1246;MYCOPLASMOSES RESPIRATOIRES : SD : IGG
3246;MYCOPLASMOSES RESPIRATOIRES : SD : IGG + ITERATIF
1247;MYCOPLASMOSES RESPIRATOIRES : SD : IGM
3247;MYCOPLASMOSES RESPIRATOIRES : SD : IGM + ITERATIF
1316;FIEVRE Q (COXIELLA BURNETTI) : SD DE DEPISTAGE
1248;FIEVRE Q (COXIELLA BURNETTI) : SD : TITRAGE AG PHASE II
3248;FIEVRE Q (COXIELLA BURNETTI) : SD : TITRAGE AG PHASE II + ITERATIF
1249;FIEVRE Q CHRONIQUE (COXIELLA BURNETTI) : SD : IGG ET IGA
3249;FIEVRE Q CHRONIQUE (COXIELLA BURNETTI) : SD : IGG ET IGA + ITERATIF
1317;RICKETTSIOSES (RICKETTSIA CONORII, RICKETTSIA TYPHI) : SD DE DEPISTAGE
1318;RICKETTSIOSES (RICKETTSIA CONORII, RICKETTSIA TYPHI) : SD : TITRAGE
3318;RICKETTSIOSES (RICKETTSIA CONORII, RICKETTSIA TYPHI) : SD : TITRAGE + ITERATIF
1319;SALMONELLOSES : SD (TAB OU WIDAL ET FELIX)
1323;STREPTOCOCCIES : UNE ANTI-ENZYME STREPTOCOCCIQUE
1324;STREPTOCOCCIES : ANTI-ENZYMES STREPTOCOCCIQUES (2 OU PLUSIEURS)
1326;SYPHILIS : SD DE DEPISTAGE
1327;SYPHILIS : SD : TITRAGES
1250;SYPHILIS : SD : CONFIRMATION IGG
1330;SYPHILIS : SD : RECH. DES IGM
1251;SYPHILIS : SD : CONFIRMATION IGM
1331;MALADIE DES GRIFFES DU CHAT (BARTONELLOSES) : SD DE DEPISTAGE
1252;MALADIE DES GRIFFES DU CHAT (BARTONELLOSES) : SD : TITRAGE
3252;MALADIE DES GRIFFES DU CHAT (BARTONELLOSES) : SD : TITRAGE + ITERATIF
1332;TETANOS : SD
1333;TULAREMIE : SD
1334;YERSINIOSES : SD (1 AG)
1335;YERSINIOSES : SD (3 AG ET +)
4301;AMIBIASE : SD DE DEPISTAGE PAR 2 TECHN.
4302;AMIBIASE : SD DE CONFIRMATION PAR COES
4303;AMIBIASE : SD DE CONFIRMATION PAR IELP
6301;AMIBIASE : SUIVI DU SD DE DEPISTAGE PAR 1 TECHN. + ITERATIF
4304;ANISAKIASE : SD DE DEPISTAGE PAR 2 TECHN.
4305;ANISAKIASE : SD DE CONFIRMATION PAR IELP
4306;ANISAKIASE : SD DE CONFIRMATION PAR IE
4307;ASPERGILLOSE : SD DE DEPISTAGE
4308;ASPERGILLOSE : SD DE CONFIRMATION PAR COES
4309;ASPERGILLOSE : SD DE CONFIRMATION PAR IELP
4310;ASPERGILLOSE : SD DE CONFIRMATION PAR IE
4311;ASPERGILLOSE : RECHERCHE ANTIGENES SOLUBLES
6307;ASPERGILLOSE : SUIVI DU SD DE DEPISTAGE + ITERATIF
4312;CANDIDOSE : SD DE DEPISTAGE PAR 1 TECHN.
4313;CANDIDOSE SYSTEMIQUE :SD DE DEPISTAGE PAR 2 TECHNIQUES
4314;CANDIDOSE : SD DE CONFIRMATION PAR COES
4315;CANDIDOSE : SD DE CONFIRMATION PAR IELP
4316;CANDIDOSE : SD DE CONFIRMATION PAR IE
4317;CANDIDOSE : RECHERCHE ANTIGENES SOLUBLES
6312;CANDIDOSE : SUIVI DU SD DE DEPISTAGE PAR 1 TECHN. + ITERATIF
4318;CRYPTOCOCCOSE : ANTIGENES SOLUBLES : RECHERCHE
4319;CRYPTOCOCCOSE : ANTIGENES SOLUBLES : TITRAGE
6319;CRYPTOCOCCOSE : SUIVI DU TITRAGE ANTIGENES SOLUBLES + ITERATIF
4321;CYSTICERCOSE : SD DE DEPISTAGE PAR 2 TECHN.
4322;CYSTICERCOSE : SD DE CONFIRMATION PAR IELP
4323;CYSTICERCOSE : SD DE CONFIRMATION PAR IE
6321;CYSTICERCOSE : SUIVI DU SD DE DEPISTAGE PAR 1 TECHN. + ITERATIF
4324;DISTOMATOSE : SD DE DEPISTAGE PAR 2 TECHN.
4325;DISTOMATOSE : SD DE CONFIRMATION PAR COES
4326;DISTOMATOSE : SD DE CONFIRMATION PAR IELP
4327;DISTOMATOSE : SD DE CONFIRMATION PAR IE
6324;DISTOMATOSE : SUIVI DU SD DE DEPISTAGE PAR 1 TECHN. + ITERATIF
4328;ECHINOCOCCOSES (KYSTE HYDATIQUE, ...) : SD DE DEPISTAGE PAR 2 TECHN.
4329;ECHINOCOCCOSES (KYSTE HYDATIQUE, ...) : SD DE CONFIRMATION PAR COES
4330;ECHINOCOCCOSES  (KYSTE HYDATIQUE, ...) : SD DE CONFIRMATION PAR IELP
4331;ECHINOCOCCOSES  (KYSTE HYDATIQUE, ...) : SD DE CONFIRMATION PAR IE
6328;ECHINOCOCCOSES  (KYSTE HYDATIQUE, ...) : SUIVI DU SD DE DEPIST. PAR 1 TECHN. + I
4332;FILARIOSE : SD DE DEPISTAGE PAR 2 TECHN.
4333;FILARIOSE : SD DE CONFIRMATION PAR COES
4334;FILARIOSE : SD DE CONFIRMATION PAR IELP
4335;FILARIOSE : SD DE CONFIRMATION PAR IE
6332;FILARIOSE : SUIVI DU SD DE DEPISTAGE PAR 1 TECHN. + ITERATIF
4336;HISTOPLASMOSE : SD DE DEPISTAGE
4337;HISTOPLASMOSE : SD DE CONFIRMATION PAR IELP
4338;HYPODERMOSE : SD DE DEPISTAGE PAR 2 TECHN.
4339;HYPODERMOSE : SD DE CONFIRMATION PAR IELP
4340;LARVA MIGRANS : TOXOCAROSE : SD DE DEPISTAGE PAR 2 TECHN.
4341;LARVA MIGRANS : TOXOCAROSE : SD DE CONFIRMATION PAR COES
4342;LARVA MIGRANS : TOXOCAROSE : SD DE CONFIRMATION PAR IELP
4343;LARVA MIGRANS : TOXOCAROSE : SD DE CONFIRMATION PAR IE
6340;LARVA MIGRANS : TOXOCAROSE : SUIVI DU SD DE DEPIST. PAR 1 TECHN. + ITERATIF
4344;LEISHMANIOSE : SD DE DEPISTAGE PAR 2 TECHN.
4345;LEISHMANIOSE : SD DE CONFIRMATION PAR IE
6344;LEISHMANIOSE : SUIVI DU SD DE DEPISTAGE PAR 1 TECHN. + ITERATIF
4347;MAL. POUMON ELEVEUR D'OISEAUX : SD DE DEPISTAGE
4348;MAL. POUMON ELEVEUR D'OISEAUX : SD DE CONFIRMATION PAR IELP
6347;MAL. POUMON ELEVEUR D'OISEAUX : SUIVI DU SD DE DEPISTAGE + ITERATIF
4349;MAL. POUMON FERMIER : SD DE DEPISTAGE
4350;MAL POUMON FERMIER : SD DE CONFIRMATION PAR IELP
6349;MAL. POUMON FERMIER : SUIVI DU SD DE DEPISTAGE + ITERATIF
4351;ALVEOLITES ALLERGIQUES EXOGENES : SD DE DEPISTAGE
4352;ALVEOLITES ALLERGIQUES EXOGENES : SD DE CONFIRMATION PAR IELP
6351;ALVEOLITES ALLERGIQUES EXOGENES : SUIVI DU SD DE DEPISTAGE + ITERATIF
4353;PALUDISME : SD PAR ELS
4354;PALUDISME : SD PAR IFI
4355;SCHISTOSOMIASE : SD DE DEPISTAGE
4356;SCHISTOSOMIASE : SD DE CONFIRMATION PAR IELP
4357;SCHISTOSOMIASE : SD DE CONFIRMATION PAR IE
6355;SCHISTOSOMIASE : SUIVI  DU SD DE DEPISTAGE + ITERATIF
4358;TRICHINOSE : SD DE DEPISTAGE
4359;TRICHINOSE : SD DE CONFIRMATION PAR IELP
6358;TRICHINOSE : SUIVI DU SD DE DEPISTAGE + ITERATIF
4360;TRYPANOSOMIASE : MAL. SOMMEIL : SD DE DEPISTAGE
6360;TRYPANOSOMIASE : MAL. SOMMEIL : SUIVI DU SD DE DEPISTAGE + ITERATIF
4361;TRYPANOSOMIASE : MAL. CHAGAS : SD DE DEPISTAGE
6361;TRYPANOSOMIASE : MAL. CHAGAS : SUIVI DU SD DE DEPISTAGE + ITERATIF
1420;TOXOPLASMOSE CAS GENERAL : DEPISTAGE : SD INITIAL (2 ISOTYPES DIFFERENTS)
1421;TOXOPLASMOSE CAS GENERAL : DEPISTAGE : CONTROLE DU SD INITIAL SUR AUTRE PREL.
1422;TOXOPLASMOSE CAS GENERAL : SUIVI : SD DE SURVEILLANCE (2 ISOTYPES DIFFERENTS)
1423;TOXOPLASMOSE CAS GENERAL : SUIVI : SD DE CONTROLE (2 SERUMS EN PARALLELE)
1424;TOXOPLASMOSE CAS GENERAL : CULTURE CELLULAIRE
1425;TOXOPLASMOSE CAS GENERAL :  INOCULATION SOURIS
1426;TOXOPLASMOSE CAS GENERAL : CULTURE ET INOCULATION
1430;TOXOPLASMOSE GROSSESSE : DEPISTAGE : SD INITIAL (2 ISOTYPES DIFFERENTS)
1431;TOXOPLASMOSE GROSSESSE : DEPISTAGE : CONTROLE DU SD INITIAL SUR AUTRE PREL.
1432;TOXOPLASMOSE GROSSESSE : SUIVI : SD DE SURVEILLANCE (2 ISOTYPES DIFFERENTS)
1433;TOXOPLASMOSE GROSSESSE : SUIVI : SD DE CONTROLE (2 SERUMS EN PARALLELE)
1434;TOXOPLASMOSE GROSSESSE : CULTURE CELLULAIRE
1435;TOXOPLASMOSE GROSSESSE : INOCULATION SOURIS
1436;TOXOPLASMOSE GROSSESSE : CULTURE ET INOCULATION
1437;TOXOPLASMOSE NOUVEAU-NE : SD DE SURVEILLANCE PAR PLUS. TECHN.
4362;INFECTION PARASITAIRE NON NOMMEMENT INSCRITE A LA NABM : SERODIAGNOSTIC (SD)
1701;INFECTION A ADENOVIRUS : SD PAR RFC
1702;INFECTION A ADENOVIRUS : SD PAR IFI
1703;INFECTION A ADENOVIRUS : SD PAR IHA
1704;INFECTION A ADENOVIRUS : SD PAR EIA
1705;INFECTION A ADENOVIRUS : SD PAR SERONEUTRALISATION
1709;FIEVRE JAUNE(CONTROLE D'IMMUNITE)PAR SERONEUTRALISATION
3253;ARBOVIROSES (AUTRES QUE DENGUE OU CHIKUNGUNYA)-IGM ET IGG (EIA)+EXAMEN ITERATIF
1253;ARBOVIROSES (AUTRES QUE DENGUE OU CHIKUNGUNYA) - IGM ET IGG (EIA)
1710;INFECTION A ARENAVIRUS : SD PAR IFI
1711;INFECTION A ARENAVIRUS : SD PAR EIA
1712;INFECTION A ARENAVIRUS : SD PAR SERONEUTRALISATION
1713;INFECTION A CMV RECENTE  SD : IGG + IGM PAR EIA
3713;INFECTION A CMV RECENTE  SD :  IGG + IGM PAR EIA + ITERATIF
1714;INFECTION A CMV RECENTE  SD : IGG + IGM PAR IFI
3714;INFECTION A CMV RECENTE  SD : IGG + IGM PAR IFI + ITERATIF
1785;INFECTION A CMV  : IMMUNITE ANCIENNE  SD : IGG PAR EIA
1786;INFECTION A CMV  : IMMUNITE ANCIENNE  SD : IGG PAR IFI
3779;INFECTION A CMV : DIAGNOSTIC RAPIDE DE L'IMMUNITE : TEST AU LATEX
3786;INFECTION A EBV : MONONUCLEOSE INFECTIEUSE (MNI) : AC HETEROPHILES : RECHERCHE
1715;INFECTION A EBV ANCIENNE : SD : AC VCA IGG ET AC EBNA PAR IFI
1716;INFECTION A EBV ANCIENNE : SD : AC VCA IGG ET AC EBNA PAR EIA
1717;INFECTION A EBV RECENTE OU EVOLUTIVE : SD : AC VCA IGM OU AC EA IGM PAR IFI
1718;INFECTION A EBV RECENTE OU EVOLUTIVE : SD : AC VCA IGM OU AC EA PAR EIA
1719;INFECTION A EBV  : SD : AC EA IGA OU AC VCA IGA
1744;HERPES SIMPLEX (VHS) : SD : AC IGG ANTI VHS 1 ET 2 PAR EIA
3744;HERPES SIMPLEX (VHS) : SD : AC IGG ANTI VHS 1 ET 2 PAR EIA + ITERATIF
1745;HERPES SIMPLEX (VHS) : SD : AC IGG ANTI VHS  1 + 2 PAR IFII
3745;HERPES SIMPLEX (VHS) : SD : AC IGG ANTI VHS 1 + 2 PAR IFI + ITERATIF
1746;HERPES SIMPLEX (VHS) : SD : AC IGM ANTI VHS 1 ET 2 PAR EIA
3746;HERPES SIMPLEX (VHS) : SD : AC IGM ANTI VHS 1 ET 2 PAR EIA + ITERATIF
1747;HERPES SIMPLEX (VHS) : SD : AC IGM ANTI VHS 1 + 2 PAR IFI
3747;HERPES SIMPLEX (VHS) : SD : AC IGM ANTI VHS 1 + 2 PAR IFI + ITERATIF
1752;HERPES 6 (VHH6) : SD : AC IGG PAR EIA
1753;HERPES 6 (VHH6) : SD : AC IGG PAR IFI
1777;VARICELLE-ZONA : SD INF RECENTE OU RECURRENCE : IGG + IGM PAR EIA
3777;VARICELLE-ZONA : SD INF RECENTE OU RECURRENCE : IGG + IGM EIA + ITERATIF
1778;VARICELLE-ZONA : SD INF RECENTE OU RECURRENCE : IGG + IGM PAR IFI
3778;VARICELLE-ZONA : SD INF RECENTE OU RECURRENCE : IGG + IGM PAR IFI + ITERARIF
1779;VARICELLE : SD : CONTROLE D'IMMUNITE PAR EIA
1780;VARICELLE : SD : CONTROLE D'IMMUNITE PAR IFI
1720;POLIOMYELITE : SD : CONTROLE D'IMMUNITE (3 SEROTYPES)
1721;INFECTION A VIRUS COXSACKIE A ET B : SD
1729;GRIPPE A : SD PAR RFC
3729;GRIPPE A : SD PAR RFC + ITERATIF
1730;GRIPPE A : SD PAR EIA
3730;GRIPPE A : SD PAR EIA + ITERATIF
1731;GRIPPE A : SD PAR IHA
3731;GRIPPE A : SD PAR IHA + ITERATIF
1732;GRIPPE B : SD PAR RFC
3732;GRIPPE B : SD PAR RFC + ITERATIF
1733;GRIPPE B : SD PAR EIA
3733;GRIPPE B : SD PAR EIA + ITERATIF
1734;GRIPPE B : SD PAR IHA
3734;GRIPPE B : SD PAR IHA + ITERATIF
1735;GRIPPES A ET B : SD CONTROLE D'IMMUNITE PAR SERONEUTRALISATION
3780;GRIPPES A ET B : SD CONTROLE D'IMMUNITE PAR IHA
1760;PARAINFLUENZA (PARAMYXOVIRUS) : SD PAR IHA
3760;PARAINFLUENZA (PARAMYXOVIRUS) : SD PAR IHA + ITERATIF
1761;PARAINFLUENZA (PARAMYXOVIRUS) : SD PAR RFC
3761;PARAINFLUENZA (PARAMYXOVIRUS) : SD PAR RFC + ITERATIF
3787;INFECTION A VRS : SD : DEPISTAGE AC PAR EIA
3781;INFECTION A VRS : SD : DEPISTAGE AC PAR RFC (CHEZ ADULTE)
350;HEPATITE A (VHA) : SD : IGM (INFECTION RECENTE) PAR EIA
1736;HEPATITE A (VHA) : SD : IGG OU IG TOTALES (IMMUNITE ANCIENNE OU VACCINATION)
4710;HEPATITE B (VHB):SD INFECTION RECENTE:AG HBS+AC ANTI-HBC IGM PAR EIA
4711;HEPATITE B (VHB):SD HEPATITE CHRONIQUE:AG HBS+AG HBE+AC ANTI-HBE PAR EIA
4712;HEPATITE B (VHB):SD CONTROLE GUERISON:AG HBS+AC ANTI-HBS PAR EIA
4713;HEPATITE B (VHB):SD CONTROLE AVANT VACCINATION:AC ANTI HBS+AC ANTI HBC EIA
4714;HEPATITE B (VHB):SD CONTROLE APRES VACCINATION:AC ANTI-HBS PAR EIA
4715;HEPATITE B (VHB):SD SURVEILLANCE GROSSESSE:AG HBS PAR EIA
322;HEPATITE B (VHB) : SD : AG HBS PAR EIA
323;HEPATITE B (VHB) : SD : AC ANTIHBS (IGG OU IG TOTALES) PAR EIA
353;HEPATITE B (VHB) : SD : AG HBE PAR EIA
354;HEPATITE B (VHB) : SD : AC ANTIHBE PAR EIA
352;HEPATITE B (VHB) : SD : AC ANTIHBC IGM PAR EIA
351;HEPATITE B (VHB) : SD : AC ANTIHBC TOTAUX PAR EIA
3784;HEPATITE C (VHC) : SD DE DEPISTAGE : AC ANTI-VHC PAR EIA
3785;HEPATITE C (VHC) : SD DE CONTROLE
1740;HEPATITE DELTA (VHD) : SD :AC IGG OU TOTAUX PAR EIA
1741;HEPATITE DELTA (VHD) : SD : AC IGM PAR EIA
1742;HEPATITE DELTA (VHD) : SD : AG DELTA PAR EIA
1743;HEPATITE E (VHE) : SD : AC ANTI-VHE PAR EIA
1756;OREILLONS (V. OURLIEN) : INFECTION RECENTE : SD : IGG + IGM PAR IFI
1757;OREILLONS (V. OURLIEN) : INFECTION RECENTE : SD : IGG + IGM PAR EIA
1758;OREILLONS (V. OURLIEN) : IMMUNITE ANCIENNE : SD : IGG PAR EIA
1759;OREILLONS (V. OURLIEN) : IMMUNITE ANCIENNE : SD : IGG PAR IFI
1762;INF. A PARVOVIRUS B 19 RECENTE : SD : IGG + IGM PAR IFI
1763;INF. A PARVOVIRUS B 19 RECENTE : SD : IGG + IGM PAR EIA
1764;INF. A PARVOVIRUS B 19 ANCIENNE : SD : IGG OU IG TOTALES PAR EIA
1765;INF. A PARVOVIRUS B 19 ANCIENNE : SD : IGG OU IG TOTALES PAR IFI
388;INFECTION A VIH 1 ET 2 : SD DE DEPISTAGE
389;INFECTION A VIH 1 ET 2 : SD DE CONFIRMATION 1 REACTION
390;INFECTION A VIH 1 ET 2 : SD DE CONFIRMATION 2 REACTIONS OU PLUS
392;INFECTION A VIH 1 ET 2 : ANTIGENE P24 DU VIH 1 : RECHERCHE ET TITRAGE
1754;INFECTION A HTLV (I ET II) : SD DE DEPISTAGE PAR EIA
4716;INFECTION A HTLV (I ET II) : SD DE DEPISTAGE PAR AGGLUTINATION
1755;INFECTION A HTLV (I ET II) : SD DE CONFIRMATION PAR IMMUNOTRANSFERT
1766;RAGE : SD INFECTION RECENTE : IGG + IGM PAR EIA
1767;RAGE : SD CONTROLE D'IMMUNITE : IGG PAR EIA
1768;ROUGEOLE : SD INFECTION RECENTE : IGG + IGM PAR EIA
1769;ROUGEOLE : SD INFECTION RECENTE : IGG + IGM PAR IFI
1770;ROUGEOLE : SD CONTROLE D'IMMUNITE : IGG OU IG TOTALES PAR EIA
1771;ROUGEOLE : SD CONTROLE D'IMMUNITE : IGG OU IG TOTALES PAR IFI
1772;ROUGEOLE : SD CONTROLE D'IMMUNITE : IGG OU IG TOTALES PAR IHA
1773;RUBEOLE : SD PAR IHA OU EIA
3773;RUBEOLE : SD PAR IHA OU EIA + ITERATIF
3783;RUBEOLE : SD : IGM PAR IMMUNOCAPTURE
4717;RUBEOLE : SD D'UNE IMMUNITE POST-VACCINALE PAR AGGLUTINATION
4201;CNO : CULTURES CELLULAIRES DE VIRUS NON ORIENTEES
4202;CNO : IDENTIFICATION VIRALE PAR 1 A 2 SERUMS
4203;CNO : IDENTIFICATION VIRALE PAR 3 A 7 SERUMS
4204;CNO : IDENTIFICATION VIRALE PAR + DE 7 SERUMS
4205;ADENOVIRUS : RECHERCHE DIRECTE SUR SELLES PAR AGG
4206;ADENOVIRUS : RECHERCHE DIRECTE SUR SELLES PAR EIA
4207;ADENOVIRUS : RECHERCHE DIRECTE SUR LIQUIDES AUTRES QUE SELLES PAR IF
4208;ADENOVIRUS : CULTURES ORIENTEES ET IDENTIFICATION
4209;ADENOVIRUS : MISE EN EVIDENCE SUR SELLES PAR ME
4212;ARENAVIRUS : RECHERCHE DIRECTE PAR IF
4213;ARENAVIRUS : RECHERCHE DIRECTE PAR EIA
4214;ARENAVIRUS : CULTURES ORIENTEES ET IDENTIFICATION
4215;ARENAVIRUS : ISOLEMENT SUR SOURICEAUX
4216;VIRUS DES FIEVRES HEMORRAGIQUES : CULTURES
4217;ASTROVIRUS : RECHERCHE DIRECTE PAR MIE
4218;ASTROVIRUS : RECHERCHE DIRECTE PAR EIA
4219;ASTROVIRUS : CULTURES ORIENTEES ET IDENTIFICATION
4220;CALICIVIRUS : RECHERCHE DIRECTE PAR MIE
4221;CALICIVIRUS : RECHERCHE DIRECTE PAR EIA
4222;CORONAVIRUS : RECHERCHE DIRECTE PAR IF
4223;CORONAVIRUS : RECHERCHE DIRECTE PAR ME
4224;HERPETOVIRIDAE : RECHERCHE PAR ME(URGENCE)
4225;CYTOMEGALOVIRUS  (CMV) : RECHERCHE DIRECTE PAR IF
4226;CYTOMEGALOVIRUS  (CMV) : ANTIGENEMIE LEUCOCYTAIRE PAR IF
4227;CYTOMEGALOVIRUS (CMV) : CULTURES ORIENTEES ET IDENTIFICATION
4228;VIRUS DE L'HERPES SIMPLEX (VHS) : RECHERCHE DIRECTE PAR IF
4229;VIRUS DE L'HERPES SIMPLEX (VHS) : RECHERCHE DIRECTE PAR EIA
4230;VIRUS DE L'HERPES SIMPLEX (VHS) : CULTURES ORIENTEES ET IDENTIFICATION
4270;VIRUS DE L'HERPES 6 (VHH6) OU DE L'HERPES 7 (VHH7):CULTURES SUR LYMPHOCYTES
4232;VIRUS DE VARICELLE ET ZONA : RECHERCHE DIRECTE PAR IF
4233;VIRUS DE VARICELLE ET ZONA : RECHERCHE DIRECTE PAR EIA
4234;VIRUS DE VARICELLE ET ZONA : CULTURES ORIENTEES ET IDENTIFICATION
4235;POLIOVIRUS : CULTURES CELLULAIRES
4236;VIRUS COXSACKIE A : CULTURES CELLULAIRES
4237;VIRUS COXSACKIE A : ISOLEMENT SUR SOURICEAUX
4238;VIRUS COXSACKIE B : CULTURES CELLULAIRES
4239;ECHOVIRUS : CULTURES CELLULAIRES
4272;RHINOVIRUS : CULTURES ORIENTEES ET IDENTIFICATION
4240;VIRUS GRIPPAUX (A ET B) : RECHERCHE DIRECTE PAR IF
4241;VIRUS GRIPPAUX (A ET B) : RECHERCHE DIRECTE PAR EIA
4242;VIRUS GRIPPAUX (A ET B) : CULTURES ORIENTEES ET IDENTIFICATION
4243;VIRUS PARAINFLUENZAE (I, II, III, IV) : RECHERCHE DIRECTE PAR IF
4244;VIRUS PARAINFLUENZAE (I, II, III, IV) : RECHERCHE DIRECTE PAR EIA
4245;VIRUS PARAINFLUENZAE (I, II, III, IV) : CULTURES ORIENTEES ET IDENTIFICATION
4246;VIRUS RESPIRATOIRE SYNCYTIAL (VRS) : RECHERCHE DIRECTE PAR IF
4247;VIRUS RESPIRATOIRE SYNCYTIAL (VRS) : RECHERCHE DIRECTE PAR EIA
4248;VIRUS RESPIRATOIRE SYNCYTIAL (VRS) : CULTURES ORIENTEES ET IDENTIFICATION
4250;VIRUS OURLIEN (OREILLONS) : RECHERCHE DIRECTE PAR IF
4251;VIRUS OURLIEN (OREILLONS) : RECHERCHE DIRECTE PAR EIA
4252;VIRUS OURLIEN :(OREILLONS) : CULTURES ORIENTEES ET IDENTIFICATION
4253;PARVOVIRUS B 19 : RECHERCHE DANS SERUM PAR ME
4254;POLYOMAVIRUS : DIAGNOSTIC DIRECT PAR IF
4255;POLYOMAVIRUS : CULTURES ORIENTEES ET IDENTIFICATION
4256;POXVIRUS : RECHERCHE PAR ME
4257;POXVIRUS : RECHERCHE PAR MIE
4258;VIH : CULTURES SUR LYMPHOCYTES
4271;RETROVIRUS AUTRE QUE LE VIH : CULTURES ORIENTEES ET IDENTIFICATION
4259;VIRUS DE LA RAGE : RECHERCHE DIRECTE PAR IF
4260;VIRUS DE LA RAGE : RECHERCHE DIRECTE PAR EIA
4261;VIRUS DE LA RAGE : CULTURES ORIENTEES ET IDENTIFICATION
4262;VIRUS DE LA ROUGEOLE : RECHERCHE DIRECTE PAR IF
4263;VIRUS DE LA ROUGEOLE : RECHERCHE DIRECTE PAR EIA
4264;VIRUS DE LA ROUGEOLE : CULTURES ORIENTEES ET IDENTIFICATION
4265;VIRUS DE LA RUBEOLE : CULTURES ORIENTEES ET IDENTIFICATION
4266;ROTAVIRUS : RECHERCHE DIRECTE PAR AGG
4267;ROTAVIRUS : RECHERCHE DIRECTE PAR EIA
4268;ROTAVIRUS : RECHERCHE PAR ME
7401;HCG OU BETA HCG (URINES)
7402;HCG OU BETA HCG (SANG)
472;L.H. (SANG)
473;F.S.H. (SANG)
330;ESTRADIOL (FEMME) (E2) (SANG)
727;ESTRADIOL (HOMME ET ENFANT) (E2) (SANG)
1801;ESTRADIOL (E2) (AUTRE MILIEU BIOLOGIQUE)
777;INHIBINES (SANG)
357;TESTOSTERONE (HOMME) (SANG)
1136;TESTOSTERONE (FEMME ET ENFANT) (SANG)
701;TESTOSTERONE LIBRE OU BIODISPONIBLE (SANG)
1134;ANDROSTENEDIONE (SANG)
334;PROGESTERONE (PG) (SANG)
1135;17-OH-PROGESTERONE (SANG)
343;PROLACTINE (SANG)
884;FORMES MOLECULAIRES DE PROLACTINE : SEPARATION CHROMATO (SANG)
7414;DEHYDROEPIANDROSTERONE (DHA) (SANG)
1802;SULFATE DE DHA (SANG)
7415;DIHYDROTESTOSTERONE (DHT)
358;PROTEINE DE TRANSPORT DES HORM. SEXUELLES (TEBG, SBG) (SANG)
7422;INSULINE (SANG)
703;INSULINE LIBRE (SANG)
1137;C-PEPTIDE (SANG)
756;C-PEPTIDE (URINE)
462;CORTISOL (SANG)
476;CORTISOL LIBRE (URINE)
7420;CORTICOTROPINE (ACTH) (SANG)
455;17-CETOSTEROIDES (URINE)
714;ALDOSTERONE (SANG)
461;17-HYDROXY-CORTICOSTEROIDES OU T.H.S. (URINE)
463;ALDOSTERONE OU TETRAHYDRO-ALDOSTERONE (URINE)
466;ACIDE HYDROXY-INDOLE-ACETIQUE (HIAA, 5 HIAA) (URINE)
467;ACIDE VANILMANDELIQUE (VMA) (URINE)
468;CATECHOLAMINES TOTALES (METANEPHRINES OU HVA) (URINE)
477;CATECHOLAMINES (OU METANEPHRINES) (URINE)
478;CATECHOLAMINES (SANG), CLHP : AU MOINS 2 DOSAGES (DOPAMINE, ADR, NORADR)
364;SEROTONINE PAR CLHP (SANG)
1208;T.S.H. (SANG)
1206;TRIIODOTHYRONINE LIBRE (T3 L OU FT3) (SANG)
1207;THYROXINE LIBRE (T4 L OU FT4) (SANG)
1209;T3 LIBRE + T4 LIBRE (SANG)
1210;T.S.H. + T3 LIBRE (SANG)
1211;T.S.H. + T4 LIBRE (SANG)
1212;T.S.H. + T3 LIBRE + T4 LIBRE (SANG)
1803;TEST AU TRH (SANG)
7423;HORMONE DE CROISSANCE (SOMATOTROPINE) (HGH) (SANG)
763;ERYTHROPOIETINE (SANG)
764;GASTRINE (SANG)
774;PEPTIDE VASOACTIF INTESTINAL (VIP) (SANG)
745;HORMONE ANTIDIURETIQUE OU VASOPRESSINE (ADH) (SANG)
783;IGFBP 3 (SANG)
1138;OSTEOCALCINE (SANG)
983;PARATHORMONE (1-84 OU BIOACTIVE) (SANG)
776;RENINE (SANG)
780;SOMATOMEDINE (IGF1-SMC) (SANG)
1510;AMYLASEMIE (SANG)
1511;AMYLASE (AUTRE LIQUIDE BIOLOGIQUE QUE SANG)
1513;ALDOLASE (SANG)
514;PHOSPHATASES ALCALINES (PH. ALC.) (SANG)
516;ALANINE AMINOTRANSFERASE (ALAT,TGP) (SANG)
517;ASPARTATE AMINOTRANSFERASE (ASAT,TGO)(SANG)
522;TRANSAMINASES (ALAT ET ASAT, TGP ET TGO)(SANG)
1518;GLUCOSE-6-PHOSPHATE DESHYDROGENASE (G6PD) (SANG)
519;GAMMA GLUTAMYL TRANSFERASE (GAMMAT GT , GGT) (SANG)
1520;CREATINE PHOSPHOKINASE (CPK) (SANG)
521;LACTATE DESHYDROGENASE (LDH) (SANG)
1521;LACTATE DESHYDROGENASE (LDH) (AUTRE LIQUIDE BIOL QUE SANG)
523;ENZYME DE CONVERSION DE L'ANGIOTENSINE (SANG)
524;LIPASEMIE (SANG)
1525;5'NUCLEOTIDASE (SANG)
1526;CREATINE PHOSPHOKINASE MB (SANG)
1527;PYRUVATE KINASE (SANG)
1533;LYSOZYME OU MURAMIDASE (SANG)
1519;LYSOZYME OU MURAMIDASE (URINE)
2258;PROTEINES SERIQUES OU PLASMATIQUES TOTALES (PROTIDES)
570;ELECTROPHORESE DES PROTEINES SERIQUES (PROTEINOGRAMME)
1804;CRP (PROTEINE C REACTIVE) (DOSAGE) (SANG)
1805;ALPHA 2 MACROGLOBULINE (ALPHA 2 MACROGLO) (DOSAGE) (SANG)
1806;ALBUMINE (DOSAGE) (SANG)
1807;ALPHA 1 ANTITRYPSINE (DOSAGE) (SANG)
1808;OROSOMUCOIDE (ALPHA 1 GLYCOPROTEINE ACIDE) (DOSAGE) (SANG)
324;BETA 2 MICROGLOBULINE (DOSAGE) (SANG)
321;BETA 2 MICROGLOBULINE (DOSAGE) (AUTRE MILIEU BIOLOGIQUE QUE SANG)
1809;CERULEOPLASMINE (DOSAGE) (SANG)
1810;C1 INHIBITEUR (DOSAGE) (SANG)
1811;C3 (DOSAGE) (SANG)
1812;C4 (DOSAGE) (SANG)
1813;HAPTOGLOBINE (DOSAGE) (SANG)
1814;IGA (DOSAGE) (SANG)
1815;IGG (DOSAGE) (SANG)
1816;IGM (DOSAGE) (SANG)
1817;PREALBUMINE (DOSAGE) (SANG)
1818;RBP (RETINOL BINDING PROTEIN) (DOSAGE) (SANG)
1819;TRANSFERRINE (SIDEROPHYLLINE) (DOSAGE) (SANG)
1385;IGA + IGG + IGM (DOSAGES) (SANG)
1571;DYSGLOBULINEMIE : RECH, TYPAGE (IMMUNOELECTROPHORESE OU IMMUNOFIXATION)
1572;DYSGLOBULINEMIE : ELECTROPHORESE (PROTEINOGRAMME) + TYPAGE
1573;CRYOGLOBULINES (SANG)
1392;IMMUNOGLOBULINES IGG1, IGG2, IGG3, IGG4 : 1 PARAMETRE (DOSAGE) (SANG)
1393;IMMUNOGLOBULINES IGG1, IGG2, IGG3, IGG4 : 2 PARAMETRES (DOSAGES) (SANG)
1394;IMMUNOGLOBULINES IGG1, IGG2, IGG3, IGG4 : 3 PARAMETRES OU PLUS (DOSAGES) (SANG)
779;TRANSFERRINE DESIALYLEE OU DEGLYCOSYLEE (CDT) (DOSAGE) (SANG)
1374;VITAMINE B 12 (DOSAGE) (SANG)
1387;FOLATES SERIQUES OU ERYTHROCYTAIRES (DOSAGE) (SANG)
7301;VITAMINE A (DOSAGE) (SANG)
7302;VITAMINE E (DOSAGE) (SANG)
7305;VITAMINE B6 (DOSAGE) (SANG)
1139;25-(OH)-VITAMINE D (D2+D3)
1820;DERIVES DIHYDROXYLES DE LA VITAMINE D (DOSAGE) (SANG)
316;COMPLEMENT CH50 PAR REACTION D'HEMOLYSE (DOSAGE) (SANG)
1575;MYOGLOBINE (DOSAGE) (SANG)
7335;TROPONINE (DOSAGE) (SANG)
1821;PEPTIDES NATRIURETIQUES (ANP, BNP, NT-PROBNP) (DOSAGE) (SANG)
1577;HBA1C (DOSAGE) (SANG)
1576;PROTEINES GLYQUEES (FRUCTOSAMINE, ...) (DOSAGE) (SANG)
7307;PROCALCITONINE (DOSAGE) (SANG)
7308;ACIDE HYALURONIQUE (DOSAGE) (SANG)
7309;PHOSPHATASE ALCALINE OSSEUSE (DOSAGE) (SANG)
7310;DEOXYPYRIDINOLINE ET PEPTIDES ASSOCIES (DOSAGE)
1213;FERRITINE (DOSAGE) (SANG)
7311;FERRITINE ERYTHROCYTAIRE (DOSAGE) (SANG)
1822;RECEPTEUR SOLUBLE DE LA TRANSFERRINE (RSTF) (DOSAGE) (SANG)
320;ALPHA-FOETOPROTEINE (AFP) (DOSAGE) (SANG)
7317;SOUS UNITE BETA HCG LIBRE (DOSAGE) (SANG)
7318;ANTIGENE PROSTATIQUE SPECIFIQUE (PSA) (DOSAGE) (SANG)
7320;ANTIGENE PROSTATIQUE SPEC. LIBRE AVEC RAPPORT PSA LIBRE/PSA TOTAL (DOSAGE SANG)
7321;ANTIGENE CA 15-3 (DOSAGE) (SANG)
7323;ANTIGENE CA 19-9 (DOSAGE) (SANG)
7325;ANTIGENE CA 125 (DOSAGE) (SANG)
1823;ANTIGENE CA 125 (DOSAGE) (AUTRE MILIEU BIO.)
7327;ANTIGENE CARCINO-EMBRYONNAIRE (ACE) (DOSAGE) (SANG)
812;AG DU CARCINOME A CELLULES SQUAMEUSES (SCC) (DOSAGE) (SANG)
813;AG TISSULAIRE POLYPEPTIDIQUE (TPA) (DOSAGE) (SANG)
1824;CHROMOGRANINE (DOSAGE) (SANG)
1132;CALCITONINE (DOSAGE) (SANG)
822;CYFRA 21-1 (DOSAGE) (SANG)
814;ENOLASE (NSE) (DOSAGE) (SANG)
785;PARATHORMONE PTHRP (DOSAGE) (SANG)
821;THYROGLOBULINE (DOSAGE) (SANG)
1825;PARAMETRES TISSULAIRES EN CANCEROLOGIE : DOSAGE
1826;PARAMETRES TISSULAIRES EN CANCEROLOGIE : TRAITEMENT PRE-ANALYTIQUE
530;SANG : ACIDE LACTIQUE (LACTATES)
532;SANG : ACIDE URIQUE (URICEMIE)
536;SANG : AMMONIAQUE
547;SANG : CUIVRE (CUPREMIE , CU)
2003;SANG : ZINC PLASMATIQUE OU SERIQUE
548;SANG : FER SERIQUE (SIDEREMIE , FE)
2000;SANG : CAPACITE TOTALE DE SATURATION EN FER DE LA TRANSFERRINE (CTST)
552;SANG : GLUCOSE (GLYCEMIE)
563;SANG : PHOSPHORE MINERAL (PHOSPHOREMIE , P)
578;SANG : CALCIUM (CALCEMIE, CA)
584;SANG : MAGNESIUM PLASMATIQUE OU GLOBULAIRE (MAGNESEMIE , MG)
591;SANG : UREE
592;SANG : CREATININE
593;SANG : UREE ET CREATININE
1601;SANG : BILIRUBINE (BIL)
580;SANG : CHOLESTEROL TOTAL (CHOL)
590;SANG : TRIGLYCERIDES (TG)
996;SANG : EXPLORATION D'UNE ANOMALIE LIPIDIQUE
1603;SANG : APOLIPOPROTEINE A1
1602;SANG : APOLIPOPROTEINES B
2001;SANG : CHOLESTEROL-LDL (C-LDL)
1607;SANG : OSMOLARITE
571;SANG : BICARBONATES OU CO2 TOTAL (RESERVE ALCALINE, RA)
1608;SANG : POTASSIUM (K)
1609;SANG : IONOGRAMME (NA+K+ EVENTUELLEMENT CL)
1610;SANG : IONOGRAMME COMPLET (NA + K + CL + CO2 + PROTIDES)
559;SANG : METHEMOGLOBINE (METHB)
1612;SANG : SATURATION EN O2 (SAO2)
999;SANG : GAZ DU SANG
1000;SCORE BIOLOGIQUE FIBROSE HEPATIQUE - FIBROTEST
1001;SCORE BIOLOGIQUE FIBROSE HEPATIQUE - FIBROMETRE V
1002;SCORE BIOLOGIQUE FIBROSE HEPATIQUE - HEPASCORE
603;LCR : GLUCOSE (GLUCORACHIE)
1613;LCR : PROTEINES TOTALES (PROTEINORACHIE)
611;LCR : ELECTROPHORESE DES PROTEINES
1614;LCR : 1 PROTEINE : DOSAGE
1615;LCR : 2 PROTEINES OU PLUS : DOSAGES
1616;LCR : DYSGLOBULINORACHIE : RECH. OU TYPAGE
614;LCR : DYSGLOBULINORACHIE : ELECTROPHORESE ET TYPAGE
2004;UR. PROTEINURIE
635;UR. : ELECTROPHORESE DES PROTEINES(PROTEINOGRAMME)
1133;UR. : MICROALBUMINURIE : DOSAGE
1619;UR. : PROTEINURIE DE BENCE JONES:RECHERCHE ET IDENTIFICATION
1620;UR. : PROTEINURIE : TYPAGE
990;UR. : ACIDES AMINES LIBRES CARACTERISATION PAR CHROMATO.
991;UR. : ACIDES AMINES TOTAUX CARACTERISATION PAR CHROMATO.
1621;UR. : POTASSIUM ET SODIUM (IONOGRAMME, K + NA)
2005;UR. : SODIUM
2006;UR. : POTASSIUM
620;UR. : ACETONE  (ACETONURIE)
622;UR. : ACIDE URIQUE  (URICURIE)
624;UR. : CALCIUM (CALCIURIE)
627;UR. : CREATININE (CREATININURIE)
629;UR. : PHOSPHORE MINERAL(PHOSPHATURIE)
630;UR. : PH : MESURE ELECTROMETRIQUE
631;UR. : PIGMENTS ET SELS BILIAIRES : RECH.
637;UR. : PORPHYRINES : RECH.
638;UR. : PORPHYRINES : RECH., DOSAGE,  IDENTIFICATION
640;UR. : RECHERCHE DE SANG (HEMATIES ET/OU HEMOGLOBINE)
2007;UR. : GLYCOSURIE
647;UR. : UROBILINE : RECH.
992;UR. : HYDROXYPROLINE TOTALE ET LIBRE(HYDROXYPROLINURIE)
2008;UR. : CUIVRE
2009;UR. : CRISTALLURIE
2010;UR. : OXALURIE
2011;UR. : CITRATURIE
2012;UR. : MAGNESURIE
2013;UR. : OXALURIE + CITRATURIE + MAGNESURIE
1414;TEST AU XYLOSE
1416;ALPHA 1 ANTITRYPSINE FECALE
1415;CLAIRANCE FECALE DE L'ALPHA 1 ANTITRYPSINE
1622;EXAMEN PHYSIQUE COMPLET D'UNE SELLE
1417;SELLES : EXAMEN MICROSCOPIQUE DIRECT DES GRAISSES
666;SELLES : LIPIDES TOTAUX
1624;AZOTE FECAL TOTAL
1418;AZOTE FECAL SOLUBLE
1626;IONOGRAMME FECAL
1627;OSMOLARITE FECALE
1419;SELLES : PH
1500;SELLES : PIGMENTS BILIAIRES
1501;SELLES : ACIDES ORGANIQUES
1502;SELLES : AMMONIAQUE/DERIVES AMINES
1630;FECALOGRAMME (COPROLOGIE FONCTIONNELLE)
1503;CALORIMETRIE FECALE
1504;SELLES : CONTAMINATION URINAIRE
1505;EXAMEN URINES : MISE EN EVIDENCE FISTULE ENTERO-VESICALE
1629;SELLES : RECHERCHE DE SANG
1506;ELASTASE FECALE
1628;ACTIVITE CHYMOTRYPSIQUE FECALE
1507;TEST A L'HYDROGENE EXPIRE : PRELEVEMENTS
1508;TEST A L'HYDROGENE EXPIRE : MESURES
1682;RECHERCHE LAXATIFS DANS LES URINES
1683;RECHERCHE LAXATIFS DANS LES SELLES
1632;CALCULS : PAR ANALYSE SEQUENTIELLE OPTIQUE ET PHYSIQUE ( I.R. )
691;LIQUIDES DE SEROSITE : PROTEINES : DOSAGE
693;LIQUIDES DE SEROSITE :ELECTROPHORESE DES PROTEINES(PROTEINOGRAMME)
1633;LIQUIDES DE SEROSITE : 1 PROTEINE : DOSAGE
1634;LIQUIDES DE SEROSITE : 2 PROTEINES OU PLUS : DOSAGES
1635;EPREUVE DE LA SUEUR PAR METHODE PHYSICO-CHIMIQUE
407;CLAIRANCE (RENALE) DE LA CREATININE
412;EPREUVE D'HYPERGLYCEMIE PROVOQUEE (H.P.O., H.G.P.O.)
413;EPREUVE SIMPLIFIEE D'HYPERGLYCEMIE
1650;ANTIBIOTIQUE(AMINOSIDES,VANCOMYCINE,...) : UN DOSAGE (SANG)
1651;ANTIBIOTIQUE (AMINOSIDES,VANCOMYCINE,...):DEUX DOSAGES DU MEME (SANG)
1652;ISONIAZIDE (INH , RIMIFON) (SANG)
1653;ISONIAZIDE (INH,RIMIFON)ET SON METABOLITE (SANG)
4117;CONCENTRATIONS PLASMATIQUES DES ANTIRETROVIRAUX
1054;CICLOSPORINE A (SANDIMMUN) (SANG)
1376;CICLOSPORINE APRES CHROMATOGRAPHIE (SANDIMMUN) (SANG)
1377;DOSAGE AUTRE IMMUNOSUPRESSEUR (TACROLIMUS, SIROLIMUS, EVEROLIMUS,...)
1655;METHOTREXATE (SANG)
1656;METHOTREXATE ET SON METABOLITE (SANG)
1657;ANTITUMORAUX (AUTRES QUE METHOTREXATE) (SANG)
657;ANTITUMORAUX (AUTRES QUE METHOTREXATE) DANS UN AUTRE LIQ BIO QUE SANG
335;THEOPHYLLINE (SANG)
1649;THEOPHYLLINE DANS UN AUTRE LIQUIDE BIOLOGIQUE QUE LE SANG
1658;CAFEINE (EN PEDIATRIE)
1659;ANALGESIQUES OU STUPEFIANTS NON NOMMEMENT INSCRITS A LA NABM (SANG)
659;ANALGESIQUES OU STUPEFIANTS NON INSCRITS A LA NABM (AUTRE LIQ BIO QUE SANG)
1660;ACIDE SALICYLIQUE : DOSAGE
1661;PARACETAMOL : DOSAGE
1662;PSYCHOTROPES NON NOMMEMENT INSCRITS A LA NABM  (SANG)
662;PSYCHOTROPES NON INSCRITS A LA NABM DANS UN AUTRE LIQ BIO QUE SANG
1663;ANTIDEPRESSEURS TRICYCLIQUES : RECHERCHE (SANG)
663;ANTIDEPRESSEURS TRICYCLIQUES : RECH DANS UN AUTRE LIQ QUE SANG
1664;ANTIDEPRESSEURS AUTRES QUE TRICYCLIQUES : RECHERCHE (SANG)
664;ANTIDEPRESSEURS AUTRES QUE TRICYCLIQUES DANS UN AUTRE LIQ BIOL QUE LE SANG
1665;ANTIDEPRESSEURS : DOSAGE SPECIFIQUE (SANG)
665;ANTIDEPRESSEURS : DOSAGE SPECIFIQUE DANS UN AUTRE LIQUIDE BIOLOGIQUE QUE LE SANG
1666;ANTIDEPRESSEURS : RECHERCHE ET DOSAGE (SANG)
668;ANTIDEPRESSEURS : RECHERCHE ET DOSAGE DANS UN AUTRE LIQUIDE BIOLOGIQUE QUE LE SG
1667;BENZODIAZEPINES : RECHERCHE (SANG)
667;BENZODIAZEPINES : RECHERCHE DANS UN AUTRE LIQUIDE BIOLOGIQUE QUE LE SANG
1668;DIAZEPAM (VALIUM, ...) ET SON METABOLITE
1669;CLONAZEPAM (RIVOTRIL)
325;CARBAMAZEPINE (TEGRETOL)
328;ETHOSUXIMIDE (ZARONTIN)
340;ACIDE VALPROIQUE (DEPAKINE)
332;PHENITOINE (DIPHENYL-HYDANTOINE, DIHYDAN, ...)
333;PHENOBARBITAL (GARDENAL, ...)
1670;PRIMIDONE (MYSOLINE) + PHENOBARBITAL (GARDENAL)
1671;ANTIEPILEPTIQUE NON NOMMEMENT INSCRIT A LA NABM (SANG)
671;ANTIEPILEPTIQUE NON INSCRIT A LA NABM (DANS UN AUTRE LIQUIDE BIOL QUE LE SANG)
1672;BARBITURIQUES : RECHERCHE (SANG)
672;BARBITURIQUES : RECHERCHE DANS UN AUTRE LIQUIDE BIOLOGIQUE QUE LE SANG
1673;BARBITURIQUES (SAUF PHENOBARBITAL) : DOSAGE (SANG)
673;BARBITURIQUES (SAUF PHENOBARBITAL) : DOSAGE DANS UN AUTRE LIQ BIOL QUE LE SANG
1674;BARBITURIQUES : RECHERCHE ET DOSAGE (SANG)
674;BARTURIQUES : RECHERCHE ET DOSAGE DANS UN AUTRE LIQUIDE BIOLOGIQUE QUE LE SANG
327;DIGOXINE OU DIGITOXINE (DIGITALINE)
1675;DISOPYRAMIDE (ISORYTHM, RYTHMODAN)
1676;LIDOCAINE (XYLOCAINE, ...)
1677;QUINIDINE OU HYDROQUINIDINE (SERECOR, NATISEDINE, CARDIOQUINE, LONGACOR)
1678;ANTIARYTHMIQUES NON NOMMEMENT INSCRITS A LA NABM
1679;ALUMINIUM (AL) (SANG)
679;ALUMINIUM (AL) DANS UN AUTRE LIQUIDE BIOLOGIQUE QUE LE SANG
565;PLOMB (PB , PLOMBEMIE) (SANG)
566;PLOMB (PB) DANS UN AUTRE LIQUIDE BIOLOGIQUE QUE LE SANG
1680;OXYDE DE CARBONE DU SANG (CO)
557;LITHIUM (LI , LITHIEMIE , LI SERIQUE , LI ERYTHROCYTAIRE) (SANG)
567;LITHIUM (LI) DANS UN AUTRE LIQUIDE BIOLOGIQUE QUE LE SANG
537;BENZENE
534;ALCOOL (ETHYLIQUE OU METHYLIQUE)
1690;CORPS ASBESTOSIQUES (PARENCH. PULM., LBA, EXPECTORATION)
1691;RECHERCHE ALLELE HLA-B*5701
4101;GENOME (ADN) : MYCOBACTERIES HYBRID MOLEC : DIAG D'ESPECE ET IDENT
4102;GENOME (ADN) : MYCOBACTERIES HYBRID MOLEC DANS TISSUS ET LCR
4120;GENOME (ADN) : VIRUS DE L'HEPATITE B (VHB): HYBRIDATION MOLECULAIRE
4122;GENOME (ARN) VIH - 1 : CHARGE VIRALE
4128;GENOME (ARN) VIH - 1 DANS PLASMA SEMINAL ET/OU FRACTION FINALE SPERMATOZOIDES
805;VIH : RESISTANCE GENOTYPIQUE AUX ANTIRETROVIRAUX (INHIBITEURS ENZYMATIQUES)
806;VIH : RESISTANCE GENOTYPIQUE AUX ANTIRETROVIRAUX (INHIBITEURS DE FUSION,...)
4123;GENOME (ARN) VIRUS DE L'HEPATITE C (VHC) : HYBRID MOLEC : DETECTION QUALITATIVE
4124;GENOME (ARN) VIRUS DE L'HEPATITE C (VHC) CHARGE VIRALE : DETECTION QUANTITATIVE
4125;GENOTYPAGE DU VHC : BIOLOGIE MOLECULAIRE
4126;SEROTYPAGE DU VHC : METHODE IMMUNOLOGIQUE
4118;VHD : DETECTION QUALITATIVE ARN VIRAL
4119;VHD : DETECTION QUANTITATIVE ARN VIRAL
4127;PAPILLOMAVIRUS HUMAINS ONCOGENES (HPV) GENOME VIRAL
4001;DPN : C. INDEX - ET. FAMILIALE : ORIENTATION : PROFILS METABOLIQUES
4002;DPN : C. INDEX - ET. FAMILIALE : ORIENTATION : DOSAGE METABOLITE
4003;DPN : C. INDEX - ET. FAMILIALE : ORIENT : IMMUNOCHIMIE PROT OU METAB SUR CELL
4010;DPN : C. INDEX - ET. FAMILIALE : ETUDE D'UN METABOLISME IN VITRO
4011;DPN : C. INDEX - ET. FAMILIALE : ENZ : SUBSTRAT NON ISOTOPIQUE - 1 ACTIVITE
4012;DPN : C. INDEX - ET. FAMILIALE : ENZ SUBSTRAT NON ISOTOPIQUE (TECHN. COMPLEXE)
4013;DPN : C. INDEX - ET. FAMILIALE : ENZ (SUBSTRAT ISOTOPIQUE)
4020;DPN PROPREMENT DIT : ALPHA FOETO PROTEINE
4021;DPN PROPREMENT DIT - ACETYLCHOLINESTERASE AVEC ELECTROPHORESE
4022;DPN PROPREMENT DIT : ACTIVITE ENZ : TYPE PHOSPHATASE ALCALINE
4023;DPN PROPREMENT DIT : EXPLORATION THYROIDIENNE
4024;DPN PROPREMENT DIT : MEDICAMENT
4025;DPN PROPREMENT DIT : MARQUEUR TUMORAL
4026;DPN PROPREMENT DIT : ETUDE METABOLIQUE GLOBALE SUR CELLULES
4027;DPN PROPREMENT DIT : ETUDE ENZ SUR CELLULES (SUBSTRAT NON ISOTOPIQUE)
4028;DPN PROPREMENT DIT : ETUDE ENZ SUR CELLULES (SUBSTRAT ISOTOPIQUE)
4030;DPN : C. INDEX - ET. FAMILIALE : CULTURES CELLULAIRES
4031;DPN PROPREMENT DIT : CULTURES CELLULAIRES
4033;DPN : C. INDEX - ET. FAMILIALE : MAL. HEREDITAIRES METABOLIQUES
4034;DPN PROPREMENT DIT : MAL. HEREDITAIRES METABOLIQUES
4040;DPN : ET. FAMILIALE : MUCOVISCIDOSE : 2 MUTATIONS, DONT DELTA F 508
4041;DPN : ET. FAMILIALE : MUCOVISCIDOSE : PLUS DE 2 MUTATIONS
4042;DPN : ET. FAMILIALE : MUCOVISCIDOSE : POLYMORPHISME DE L'ADN
4044;DPN PROPREMENT DIT : MUCOVISCIDOSE : DELTA F 508
4045;DPN PROPREMENT DIT : MUCOVISCIDOSE : AUTRES MUTATIONS QUE DELTA F 508
4046;DPN PROPREMENT DIT  : MUCOVISCIDOSE : POLYMORPHISME DE L'ADN
4050;DPN : ET. FAMILIALE : X FRAGILE
4051;DPN PROPREMENT DIT : X FRAGILE
4052;DPN : ET. FAMILIALE : MYOPATHIES DUCHENNE ET BECKER
4053;DPN PROPREMENT DIT : MYOPATHIES DUCHENNE ET BECKER
4054;DPN : DREPANOCYTOSE
4055;DPN : BETA THALASSEMIE MAJEURE (2 MUTATIONS)
4056;DPN : BETA THALASSEMIE MAJEURE (+ DE 2 MUTATIONS)
4057;DPN : BETA-THALASSEMIE : POLYMORPHISME DE L'ADN
4058;DPN : ALPHA-THALASSEMIE AVEC ANTECEDENTS FAMILIAUX CONNUS
4059;DPN : ALPHA-THALASSEMIE SANS ANTECEDENTS FAMILIAUX CONNUS
4080;DPN : ET. FAMILIALE : HEMOPHILIES
4081;DPN PROPREMENT DIT : HEMOPHILIES
4082;DPN : ET. FAMILIALE : AUTRES AFFECTIONS GENETIQUES
4083;DPN PROPREMENT DIT : AUTRES INFECTIONS GENETIQUES
4060;DPN : TOXOPLASME : CULTURE CELLULAIRE
4061;DPN : TOXOPLASME : INOCULATION A SOURIS
4062;DPN : TOXOPLASME : CULTURE CELLULAIRE + INOCULATION A SOURIS
4063;DPN : RECHERCHE DE L'ADN TOXOPLASMIQUE
4064;DPN : CYTOMEGALOVIRUS (CMV) : CULTURE
4065;DPN : RECHERCHE DE L'ADN DU CYTOMEGALOVIRUS (CMV)
4066;DPN : RECHERCHE DE L'ADN DU VIRUS DE LA VARICELLE
4067;DPN : RUBEOLE : CULTURE
4068;DPN : RUBEOLE : INTERFERON
4069;DPN : RECHERCHE DE L'ARN DU VIRUS DE LA RUBEOLE
4070;DPN : RECHERCHE DE L'ADN DU PARVOVIRUS
4075;DPN : DEFICIT IMMUNOLOGIQUE (ADENOSINE DEAMINASE)
4076;DPN : ALLOIMMUNISATION FOETO-MATERNELLE
4077;DPN : ALLOANTICORPS RESPONSABLE ANEMIE OU THROMBOPENIE
4095;DPN : DEFICIT CONGENITAL EN FACTEUR DE L'HEMOSTASE (VIII , IX , W, PROT C, S..)
4096;DPN : ANOMALIE DES PLAQUETTES (GLANZMANN ...)
4097;DPN : PURPURA THROMBOPENIQUE IDIOPATHIQUE (PTI)
4006;DPN : TRISOMIE 21 FOETALE : DEPISTAGE COMBINE 1ER TRIMESTRE DE LA GROSSESSE
4005;DPN : TRISOMIE 21 FOETALE : DEPISTAGE SEQUENTIEL INTEGRE AU 2E TRIMESTRE
4004;DPN : TRISOMIE 21 FOETALE : DEPISTAGE 2E TRIMESTRE, MARQUEURS SERIQUES MATERNELS
8000;HEMOCHROMATOSE : RECHERCHE DE LA MUTATION C 282Y DU GENE HFE1
5258;RECHERCHE BORDETELLA PERTUSSIS ET BORDETELLA PARAPERTUSSIS PAR AMPLIFICATION GEN
5257;GENOME : CHLAMYDIA TRACHOMATIS (ADN,ARN) : HYBRID MOLEC AVEC AMPLI GENIQUE
1307;INF. UROGENITALES A CHLAMYDIA TRACHOMATIS : SD
5262;LEPTOSPIRA DETECTION ADN (DANS 10 PREMIERS JOURS)
4718;LEPTOSPIRA - RECHERCHE IGM (A PARTIR DE J7)
5259;VIRUS DU CHIKUNGUNYA - DETECTION ARN (ENTRE J0 ET J7)
1254;VIRUS DU CHIKUNGUNYA - RECHERCHE IGM ET DES IGG (A PARTIR DE J5)
3254;VIRUS DU CHIKUNGUNYA - RECHERCHE IGM ET DES IGG (A PARTIR DE J5)+EXAMEN ITERATIF
5260;VIRUS DENGUE - DETECTION ARN (JUSQU'A J7)
4273;DENGUE DETECTION ANTIGENE NS1 (DE J1 A J5)
1255;VIRUS DENGUE - IGG ET IGM  (A PARTIR J5)
3255;VIRUS DENGUE - IGG ET IGM  (A PARTIR J5) + EXAMEN ITERATIF
5261;VIRUS DENGUE ET CHIKUNGUNYA - DETECTION ARN (JUSQU'A J7)
5263;VIRUS ZIKA DETECTION ARN (ENTRE J0 ET J7) (SANG)
5264;VIRUS ZIKA - DETECTION ARN (ENTRE J0 ET J 10)(URINE)
5265;VIRUS DENGUE-CHIKUNGUNYA-ZIKA-ARN(ENTRE J0 ET J7)(SANG)
